obi1,obi3,obi5,microprice_dev_ticks,bid_volume1,ask_volume1,d_bid_volume1,d_ask_volume1,spread_ticks,direction,event_exchange_ts_ns,event_index,volume_delta_1,turnover_delta_1,mid_ret_1,obi_mean_1,obi_change_1,microprice_dev_mean_1,volatility_1,update_speed_1,volume_delta_2,turnover_delta_2,mid_ret_2,obi_mean_2,obi_change_2,microprice_dev_mean_2,volatility_2,update_speed_2,volume_delta_3,turnover_delta_3,mid_ret_3,obi_mean_3,obi_change_3,microprice_dev_mean_3,volatility_3,update_speed_3,volume_delta_5,turnover_delta_5,mid_ret_5,obi_mean_5,obi_change_5,microprice_dev_mean_5,volatility_5,update_speed_5,volume_delta_10,turnover_delta_10,mid_ret_10,obi_mean_10,obi_change_10,microprice_dev_mean_10,volatility_10,update_speed_10
-0.20958083832335328,-0.08196721311475409,-0.04563233376792699,-0.1047904191618727,66,101,0.0,0.0,1.0,1,1789695003500000000,12,0.0,0.0,0.0,-0.20958083832335328,0.0,-0.1047904191618727,,,2.0,4601.0,0.0,-0.20958083832335328,0.2904191616766467,-0.1047904191618727,0.0,4.0,2.0,4601.0,0.0,-0.3063872255489022,0.2904191616766467,-0.1531936127745818,0.0,6.0,4.0,9202.0,0.0,-0.39394469487990313,0.3409809594294557,-0.19697234743998707,0.0,5.0,8.0,18404.0,0.0,-0.24401962843881422,-0.10298185355177968,-0.12200981421938195,0.0,4.0
-0.021897810218978103,-0.007556675062972292,-0.004070556309362279,-0.010948905109671614,67,70,0.0,0.0,1.0,-1,1789695005000000000,18,0.0,0.0,0.0,-0.021897810218978103,0.0,-0.010948905109671614,,,1.0,2300.5,0.0,-0.021897810218978103,0.42932170197614383,-0.010948905109671614,0.0,4.0,1.0,2300.5,0.0,-0.16500504421102605,0.42932170197614383,-0.08250252210564213,0.0,6.0,2.0,4601.0,0.0,-0.17538554282702618,-0.09120474091204742,-0.08769277141364,0.0,5.0,10.0,23005.0,1.0,-0.2226782460088768,0.5286639875338309,-0.11133912300456358,0.31622776601683794,4.0
0.2786885245901639,0.11512415349887133,0.06513409961685823,0.13934426229525343,117,66,0.0,0.0,1.0,1,1789695008500000000,32,0.0,0.0,0.0,0.2786885245901639,0.0,0.13934426229525343,,,2.0,4601.0,0.0,0.2786885245901639,0.4716709807305148,0.13934426229525343,0.0,4.0,2.0,4601.0,0.0,0.12146486434665899,0.4716709807305148,0.060732432173457106,0.0,6.0,4.0,9202.0,0.0,0.05973697283447067,0.15141579731743665,0.029868486417308306,0.0,5.0,10.0,23005.0,0.0,0.0012451578494109272,0.2310694769711163,0.0006225789246855129,0.0,4.0
0.09523809523809523,0.031088082901554404,0.01652892561983471,0.047619047619264165,69,57,0.0,0.0,1.0,-1,1789695010000000000,38,0.0,0.0,0.0,0.09523809523809523,0.0,0.047619047619264165,,,1.0,2300.5,0.0,0.09523809523809523,0.14708994708994708,0.047619047619264165,0.0,4.0,1.0,2300.5,0.0,0.04620811287477954,0.14708994708994708,0.02310405643750831,0.0,6.0,2.0,4601.0,0.0,0.025805201579849467,0.05298457411133467,0.012902600789948338,0.0,5.0,10.0,23005.0,1.0,0.03426916659256339,-0.03203463203463203,0.017134583296319762,0.31622776601683794,4.0
-0.23497267759562843,-0.09706546275395034,-0.05491698595146871,-0.11748633879778936,70,113,0.0,0.0,1.0,1,1789695013500000000,52,0.0,0.0,0.0,-0.23497267759562843,0.0,-0.11748633879778936,,,2.0,4601.0,0.0,-0.23497267759562843,-0.27068696330991415,-0.11748633879778936,0.0,4.0,2.0,4601.0,0.0,-0.14474368982565702,-0.27068696330991415,-0.072371844912747,0.0,6.0,4.0,9202.0,0.0,-0.15007372712290742,0.11687917425622343,-0.07503686356139952,0.0,5.0,12.0,27606.0,0.0,-0.08548644357625113,-0.3666799946687992,-0.04274322178807779,0.0,4.0
-0.2542372881355932,-0.07936507936507936,-0.04178272980501393,-0.12711864406765017,44,74,0.0,0.0,1.0,-1,1789695015000000000,58,0.0,0.0,0.0,-0.2542372881355932,0.0,-0.12711864406765017,,,1.0,2300.5,0.0,-0.2542372881355932,-0.42193915148963046,-0.12711864406765017,0.0,4.0,1.0,2300.5,0.0,-0.11359090430571639,-0.42193915148963046,-0.05679545215283118,0.0,6.0,2.0,4601.0,0.0,-0.026521684363489402,-0.29469971588125793,-0.013260842181807675,0.0,5.0,10.0,23005.0,1.0,-0.049066277783446785,0.09761456371625865,-0.024533138891729322,0.3162277660168379,4.0
-0.1386861313868613,-0.04785894206549118,-0.025780189959294438,-0.06934306569337423,59,78,0.0,0.0,1.0,1,1789695018500000000,72,0.0,0.0,0.0,-0.1386861313868613,0.0,-0.06934306569337423,,,2.0,4601.0,0.0,-0.1386861313868613,0.010567599956422258,-0.06934306569337423,0.0,4.0,2.0,4601.0,0.0,-0.1422086647056687,0.010567599956422258,-0.07110433235281259,0.0,6.0,4.0,9202.0,0.0,-0.16926399540652332,0.13175412018546573,-0.08463199770321808,0.0,5.0,9.0,20704.5,0.0,-0.20030933702572346,0.0613138686131387,-0.10015466851282326,0.0,4.0
-0.36936936936936937,-0.1105121293800539,-0.057665260196905765,-0.18468468468472565,35,76,0.0,0.0,1.0,-1,1789695020000000000,78,0.0,0.0,0.0,-0.36936936936936937,0.0,-0.18468468468472565,,,1.0,2300.5,0.0,-0.36936936936936937,-0.28862402775446255,-0.18468468468472565,0.0,4.0,1.0,2300.5,0.0,-0.2731613601178819,-0.28862402775446255,-0.1365806800589174,0.0,6.0,2.0,4601.0,0.0,-0.15782366217148822,-0.4804804804804805,-0.0789118310856793,0.0,5.0,10.0,23005.0,1.0,-0.12538869252066204,-0.09892911779704233,-0.06269434626028669,0.3162277660168379,4.0
0.20930232558139536,0.08333333333333333,0.046632124352331605,0.10465116279056019,104,68,0.0,0.0,1.0,1,1789695023500000000,92,0.0,0.0,0.0,0.20930232558139536,0.0,0.10465116279056019,,,2.0,4601.0,0.0,0.20930232558139536,-0.1680561649846424,0.10465116279056019,0.0,4.0,2.0,4601.0,0.0,0.2653210472429428,-0.1680561649846424,0.1326605236213254,0.0,6.0,4.0,9202.0,0.0,0.34937020881191444,-0.36422708618331046,0.17468510440585305,0.0,5.0,8.0,18404.0,0.0,0.2452196996091522,-0.3479495828155512,0.12260984980457579,0.0,4.0
0.3217391304347826,0.09866666666666667,0.05174825174825175,0.1608695652175811,76,39,0.0,0.0,1.0,-1,1789695025000000000,98,0.0,0.0,0.0,0.3217391304347826,0.0,0.1608695652175811,,,1.0,2300.5,0.0,0.3217391304347826,0.09593267882187936,0.1608695652175811,0.0,4.0,1.0,2300.5,0.0,0.28976157082748943,0.09593267882187936,0.14488078541383706,0.0,6.0,2.0,4601.0,0.0,0.1874392854506533,0.47963386727688784,0.09371964272531841,0.0,5.0,10.0,23005.0,1.0,0.19526233227060272,-0.25179028132992326,0.09763116613521561,0.3162277660168379,4.0
0.07042253521126761,0.024875621890547265,0.013477088948787063,0.035211267605518515,76,66,0.0,0.0,1.0,1,1789695028500000000,112,0.0,0.0,0.0,0.07042253521126761,0.0,0.035211267605518515,,,2.0,4601.0,0.0,0.07042253521126761,0.7394872834127064,0.035211267605518515,0.0,4.0,2.0,4601.0,0.0,-0.17607322592630117,0.7394872834127064,-0.08803661296330272,0.0,6.0,4.0,9202.0,0.0,-0.24421878995797322,0.09423205902079142,-0.12210939497908839,0.0,5.0,12.0,27606.0,0.0,-0.1867972256668173,0.27042253521126763,-0.09339861283342543,0.0,4.0
-0.6140350877192983,-0.18716577540106952,-0.09803921568627451,-0.3070175438597289,22,92,0.0,0.0,1.0,-1,1789695030000000000,118,0.0,0.0,0.0,-0.6140350877192983,0.0,-0.3070175438597289,,,1.0,2300.5,0.0,-0.6140350877192983,-0.41906653426017876,-0.3070175438597289,0.0,4.0,1.0,2300.5,0.0,-0.4743462429659054,-0.41906653426017876,-0.23717312148301062,0.0,6.0,2.0,4601.0,0.0,-0.3136723784571827,-0.6636804777902202,-0.15683618922867026,0.0,5.0,10.0,23005.0,1.0,-0.2716000928195334,-0.5902255639097744,-0.13580004640989501,0.3162277660168379,4.0
-0.039301310043668124,-0.018404907975460124,-0.010856453558504222,-0.01965065502190555,110,119,0.0,0.0,1.0,1,1789695034500000000,136,0.0,0.0,0.0,-0.039301310043668124,0.0,-0.01965065502190555,,,2.0,4601.0,0.0,-0.039301310043668124,0.09679336451254489,-0.01965065502190555,0.0,4.0,2.0,4601.0,0.0,-0.07156576488118312,0.09679336451254489,-0.03578288244064728,0.0,6.0,4.0,9202.0,0.0,-0.1368250605066191,0.2940320232896652,-0.06841253025331753,0.0,5.0,8.0,18404.0,0.0,-0.11459928038372166,0.4152441445017864,-0.057299640191831716,0.0,4.0
-0.035897435897435895,-0.015384615384615385,-0.00880503144654088,-0.017948717948911508,94,101,0.0,0.0,1.0,-1,1789695036000000000,142,0.0,0.0,0.0,-0.035897435897435895,0.0,-0.017948717948911508,,,1.0,2300.5,0.0,-0.035897435897435895,0.5517314300819456,-0.017948717948911508,0.0,4.0,1.0,2300.5,0.0,-0.21980791259141777,0.5517314300819456,-0.10990395629581447,0.0,6.0,2.0,4601.0,0.0,-0.3091806356932557,0.2629531388152078,-0.15459031784666877,0.0,5.0,10.0,23005.0,1.0,-0.21955457223786845,0.29743589743589743,-0.10977728611896964,0.3162277660168379,4.0
-0.1044776119402985,-0.021406727828746176,-0.010494752623688156,-0.052238805970318936,30,37,0.0,0.0,1.0,1,1789695039500000000,156,0.0,0.0,0.0,-0.1044776119402985,0.0,-0.052238805970318936,,,2.0,4601.0,0.0,-0.1044776119402985,0.37203245517379546,-0.052238805970318936,0.0,4.0,2.0,4601.0,0.0,-0.22848843033156366,0.37203245517379546,-0.11424421516585426,0.0,6.0,4.0,9202.0,0.0,-0.23004213044528637,-0.11624231782265144,-0.11502106522266331,0.0,5.0,9.0,20704.5,0.0,-0.00830924109905436,-0.031083116527454463,-0.004154620549525134,0.0,4.0
0.2413793103448276,0.06051873198847262,0.03056768558951965,0.12068965517255492,54,33,0.0,0.0,1.0,-1,1789695041000000000,162,0.0,0.0,0.0,0.2413793103448276,0.0,0.12068965517255492,,,1.0,2300.5,0.0,0.2413793103448276,0.08290936498963633,0.12068965517255492,0.0,4.0,1.0,2300.5,0.0,0.21374285534828216,0.08290936498963633,0.10687142767422604,0.0,6.0,2.0,4601.0,0.0,0.16565398799429326,0.21280788177339902,0.08282699399715057,0.0,5.0,10.0,23005.0,1.0,-0.030513398956589,0.22961460446247467,-0.015256699478322843,0.3162277660168379,4.0
-0.19736842105263158,-0.07281553398058252,-0.0398936170212766,-0.09868421052624399,61,91,0.0,0.0,1.0,1,1789695044500000000,176,0.0,0.0,0.0,-0.19736842105263158,0.0,-0.09868421052624399,,,2.0,4601.0,0.0,-0.19736842105263158,-0.22904262919742796,-0.09868421052624399,0.0,4.0,2.0,4601.0,0.0,-0.1210208779868223,-0.22904262919742796,-0.06051043899333308,0.0,6.0,4.0,9202.0,0.0,-0.0939019945553993,-0.05924687409130561,-0.04695099727759953,0.0,5.0,10.0,23005.0,0.0,-0.012668584003103273,0.2963024650233178,-0.006334292001520225,0.0,4.0
-0.21693121693121692,-0.09131403118040089,-0.051964512040557666,-0.10846560846539433,74,115,0.0,0.0,1.0,-1,1789695046000000000,182,0.0,0.0,0.0,-0.21693121693121692,0.0,-0.10846560846539433,,,1.0,2300.5,0.0,-0.21693121693121692,-0.48223733938019653,-0.10846560846539433,0.0,4.0,1.0,2300.5,0.0,-0.056185437137818116,-0.48223733938019653,-0.028092718568738444,0.0,6.0,2.0,4601.0,0.0,0.030259053116195957,-0.2714766714766715,0.015129526558212092,0.0,5.0,10.0,23005.0,1.0,-0.012554770568923596,-0.07880966996989094,-0.006277385284374759,0.3162277660168379,4.0
-0.3875,-0.14761904761904762,-0.08157894736842106,-0.19374999999990905,49,111,0.0,0.0,1.0,1,1789695049500000000,196,0.0,0.0,0.0,-0.3875,0.0,-0.19374999999990905,,,2.0,4601.0,0.0,-0.3875,0.06304945054945055,-0.19374999999990905,0.0,4.0,2.0,4601.0,0.0,-0.40851648351648356,0.06304945054945055,-0.20425824175814947,0.0,6.0,4.0,9202.0,0.0,-0.2555205320994795,-0.7859962406015037,-0.12776026604969956,0.0,5.0,13.0,29906.5,0.0,-0.16062952181725518,-0.6483695652173913,-0.0803147609086409,0.0,4.0
0.28846153846153844,0.08241758241758242,0.04261363636363636,0.14423076923094413,67,37,0.0,0.0,1.0,-1,1789695051000000000,202,0.0,0.0,0.0,0.28846153846153844,0.0,0.14423076923094413,,,1.0,2300.5,0.0,0.28846153846153844,0.2080017683465959,0.14423076923094413,0.0,4.0,1.0,2300.5,0.0,0.21912761567933978,0.2080017683465959,0.10956380783985271,0.0,6.0,2.0,4601.0,0.0,0.17489092780217708,0.15184951660361493,0.08744546390125833,0.0,5.0,10.0,23005.0,1.0,-0.06650322402300922,-0.1100347021399653,-0.03325161201137235,0.3162277660168379,4.0
-0.0380952380952381,-0.01702127659574468,-0.009876543209876543,-0.019047619047796616,101,109,0.0,0.0,1.0,1,1789695054500000000,216,0.0,0.0,0.0,-0.0380952380952381,0.0,-0.019047619047796616,,,2.0,4601.0,0.0,-0.0380952380952381,0.6170771756978654,-0.019047619047796616,0.0,4.0,2.0,4601.0,0.0,-0.2437876299945266,0.6170771756978654,-0.12189381499744438,0.0,6.0,4.0,9202.0,0.0,-0.3852716625252481,0.5017277707543194,-0.1926358312627599,0.0,5.0,11.0,25305.5,0.0,-0.3358838037893708,0.5294723294723295,-0.16794190189475558,0.0,4.0
-0.06467661691542288,-0.028199566160520606,-0.016229712858926344,-0.03233830845783814,94,107,0.0,0.0,1.0,-1,1789695056000000000,222,0.0,0.0,0.0,-0.06467661691542288,0.0,-0.03233830845783814,,,1.0,2300.5,0.0,-0.06467661691542288,-0.17467661691542288,-0.03233830845783814,0.0,4.0,1.0,2300.5,0.0,-0.006451077943615292,-0.17467661691542288,-0.003225538971946662,0.0,6.0,2.0,4601.0,0.0,0.126277501381979,-0.6054173576561637,0.063138750690905,0.0,5.0,10.0,23005.0,1.0,-0.02144070561260475,0.4751463919341346,-0.010720352806401934,0.3162277660168379,4.0
-0.09090909090909091,-0.018404907975460124,-0.009009009009009009,-0.045454545454504114,30,36,0.0,0.0,1.0,1,1789695059500000000,236,0.0,0.0,0.0,-0.09090909090909091,0.0,-0.045454545454504114,,,2.0,4601.0,0.0,-0.09090909090909091,0.27895392278953923,-0.045454545454504114,0.0,4.0,2.0,4601.0,0.0,-0.18389373183893734,0.27895392278953923,-0.09194686591945356,0.0,6.0,4.0,9202.0,0.0,-0.14182179521096405,-0.3033443240697127,-0.07091089760551768,0.0,5.0,7.0,16103.5,0.0,-0.20693168564403916,0.12220566318926973,-0.10346584282206095,0.0,4.0
0.03669724770642202,0.016736401673640166,0.009779951100244499,0.01834862385339875,113,105,0.0,0.0,1.0,-1,1789695061000000000,242,0.0,0.0,0.0,0.03669724770642202,0.0,0.01834862385339875,,,1.0,2300.5,0.0,0.03669724770642202,-0.08399240746599178,0.01834862385339875,0.0,4.0,1.0,2300.5,0.0,0.06469471686175257,-0.08399240746599178,0.03234735843094919,0.0,6.0,2.0,4601.0,0.0,0.16556345680370826,-0.4763462305544476,0.08278172840182378,0.0,5.0,10.0,23005.0,1.0,0.041931655306396864,-0.17573798545419975,0.020965827653162704,0.3162277660168379,4.0
0.43859649122807015,0.13368983957219252,0.0700280112044818,0.2192982456140271,82,32,0.0,0.0,1.0,1,1789695065500000000,260,0.0,0.0,0.0,0.43859649122807015,0.0,0.2192982456140271,,,2.0,4601.0,0.0,0.43859649122807015,0.37799043062200954,0.2192982456140271,0.0,4.0,2.0,4601.0,0.0,0.3125996810207336,0.37799043062200954,0.1562998405103523,0.0,6.0,4.0,9202.0,0.0,0.13471286786741027,0.7634372555592803,0.06735643393367355,0.0,5.0,11.0,25305.5,0.0,-0.03746400179229695,0.013596491228070162,-0.0187320008961251,0.0,4.0
0.21951219512195122,0.05263157894736842,0.026392961876832845,0.10975609756087579,50,32,0.0,0.0,1.0,-1,1789695067000000000,266,0.0,0.0,0.0,0.21951219512195122,0.0,0.10975609756087579,,,1.0,2300.5,0.0,0.21951219512195122,-0.03492567470053401,0.10975609756087579,0.0,4.0,1.0,2300.5,0.0,0.23115408668879586,-0.03492567470053401,0.11557704334427399,0.0,6.0,2.0,4601.0,0.0,0.18759982795797261,0.22941318522096113,0.0937999139789099,0.0,5.0,10.0,23005.0,1.0,0.19265032533591145,0.5443529594531614,0.09632516266792664,0.3162277660168379,4.0
0.037037037037037035,0.010869565217391304,0.005649717514124294,0.018518518518703786,56,52,0.0,0.0,1.0,1,1789695070500000000,280,0.0,0.0,0.0,0.037037037037037035,0.0,0.018518518518703786,,,2.0,4601.0,0.0,0.037037037037037035,-0.03664717348927875,0.018518518518703786,0.0,4.0,2.0,4601.0,0.0,0.04925276153346325,-0.03664717348927875,0.02462638076682803,0.0,6.0,4.0,9202.0,0.0,-0.06311890838206627,0.5740740740740742,-0.03155945419102864,0.0,5.0,11.0,25305.5,0.0,-0.10449456149031662,0.37037037037037035,-0.052247280745177704,0.0,4.0
-0.2,-0.05142857142857143,-0.02608695652173913,-0.09999999999990905,36,54,0.0,0.0,1.0,-1,1789695072000000000,286,0.0,0.0,0.0,-0.2,0.0,-0.09999999999990905,,,1.0,2300.5,0.0,-0.2,0.04571428571428571,-0.09999999999990905,0.0,4.0,1.0,2300.5,0.0,-0.2152380952380953,0.04571428571428571,-0.10761904761905801,0.0,6.0,2.0,4601.0,0.0,-0.12094305694305692,-0.48671328671328673,-0.06047152847158941,0.0,5.0,10.0,23005.0,1.0,-0.009655950287529264,0.3370370370370371,-0.00482797514378035,0.3162277660168379,4.0
-0.08333333333333333,-0.018072289156626505,-0.008928571428571428,-0.041666666666515084,33,39,0.0,0.0,1.0,1,1789695075500000000,300,0.0,0.0,0.0,-0.08333333333333333,0.0,-0.041666666666515084,,,2.0,4601.0,0.0,-0.08333333333333333,-0.23661800486618007,-0.041666666666515084,0.0,4.0,2.0,4601.0,0.0,-0.0044606650446066915,-0.23661800486618007,-0.0022303325222310377,0.0,6.0,4.0,9202.0,0.0,0.035297608450537074,-0.11991869918699186,0.017648804225336788,0.0,5.0,9.0,20704.5,0.0,0.13366892587923246,0.27380952380952384,0.06683446293964153,0.0,4.0
0.08176100628930817,0.031026252983293555,0.017127799736495388,0.04088050314476277,86,73,0.0,0.0,1.0,-1,1789695077000000000,306,0.0,0.0,0.0,0.08176100628930817,0.0,0.04088050314476277,,,1.0,2300.5,0.0,0.08176100628930817,0.016340445541644627,0.04088050314476277,0.0,4.0,1.0,2300.5,0.0,0.07631419110875991,0.016340445541644627,0.03815709555450061,0.0,6.0,2.0,4601.0,0.0,0.043165820532066176,0.16029503770292075,0.021582910266170076,0.0,5.0,10.0,23005.0,1.0,0.02771977476457449,0.04517564043564964,0.01385988738238666,0.3162277660168379,4.0
0.3592233009708738,0.10192837465564739,0.05263157894736842,0.17961165048563998,70,33,0.0,0.0,1.0,1,1789695080500000000,320,0.0,0.0,0.0,0.3592233009708738,0.0,0.17961165048563998,,,2.0,4601.0,0.0,0.3592233009708738,0.4271844660194175,0.17961165048563998,0.0,4.0,2.0,4601.0,0.0,0.21682847896440127,0.4271844660194175,0.10841423948234781,0.0,6.0,4.0,9202.0,0.0,0.14507628294036062,0.21636615811373094,0.07253814147024969,0.0,5.0,11.0,25305.5,0.0,-0.009199474042620809,0.6968029188052687,-0.004599737021271722,0.0,4.0
-0.38666666666666666,-0.14146341463414633,-0.07733333333333334,-0.1933333333331575,46,104,0.0,0.0,1.0,-1,1789695082000000000,326,0.0,0.0,0.0,-0.38666666666666666,0.0,-0.1933333333331575,,,1.0,2300.5,0.0,-0.38666666666666666,-0.30292282430213463,-0.1933333333331575,0.0,4.0,1.0,2300.5,0.0,-0.28569239189928847,-0.30292282430213463,-0.1428461959494598,0.0,6.0,2.0,4601.0,0.0,-0.27534369079196663,0.049230769230769245,-0.13767184539583469,0.0,5.0,10.0,23005.0,1.0,-0.12300916180126091,-0.5295238095238095,-0.06150458090050961,0.3162277660168379,4.0
-0.014492753623188406,-0.006423982869379015,-0.0037174721189591076,-0.007246376811508526,102,105,0.0,0.0,1.0,1,1789695085500000000,340,0.0,0.0,0.0,-0.014492753623188406,0.0,-0.007246376811508526,,,2.0,4601.0,0.0,-0.014492753623188406,0.5500233754090698,-0.007246376811508526,0.0,4.0,2.0,4601.0,0.0,-0.19783387875954503,0.5500233754090698,-0.09891693937970558,0.0,6.0,4.0,9202.0,0.0,-0.33073398784478725,0.4811594202898551,-0.16536699392236187,0.0,5.0,10.0,23005.0,0.0,-0.36897865064139646,-0.48302422215465696,-0.18448932532073742,0.0,4.0
0.09090909090909091,0.04051172707889126,0.023485784919653894,0.045454545454504114,114,95,0.0,0.0,1.0,-1,1789695087000000000,346,0.0,0.0,0.0,0.09090909090909091,0.0,0.045454545454504114,,,1.0,2300.5,0.0,0.09090909090909091,0.3372859025032938,0.045454545454504114,0.0,4.0,1.0,2300.5,0.0,-0.02151954325867374,0.3372859025032938,-0.01075977162933365,0.0,6.0,2.0,4601.0,0.0,-0.06945981554677205,0.12727272727272726,-0.03472990777336236,0.0,5.0,10.0,23005.0,1.0,-0.154168047940839,0.5865612648221344,-0.07708402397038298,0.3162277660168379,4.0
-0.15306122448979592,-0.06578947368421052,-0.03768844221105527,-0.07653061224482371,83,113,0.0,0.0,1.0,1,1789695090500000000,360,0.0,0.0,0.0,-0.15306122448979592,0.0,-0.07653061224482371,,,2.0,4601.0,0.0,-0.15306122448979592,-0.3635875402792696,-0.07653061224482371,0.0,4.0,2.0,4601.0,0.0,-0.031865377730039425,-0.3635875402792696,-0.01593268886502604,0.0,6.0,4.0,9202.0,0.0,-0.0025173191848268774,-0.02554444596630598,-0.001258659592440381,0.0,5.0,9.0,20704.5,0.0,0.06421602556420924,-0.4337629788757608,0.032108012782100556,0.0,4.0
0.36585365853658536,0.1174934725848564,0.06224066390041494,0.1829268292681263,84,39,0.0,0.0,1.0,-1,1789695092000000000,366,0.0,0.0,0.0,0.36585365853658536,0.0,0.1829268292681263,,,1.0,2300.5,0.0,0.36585365853658536,0.21477452184593787,0.1829268292681263,0.0,4.0,1.0,2300.5,0.0,0.29426215125460603,0.21477452184593787,0.14713107562723357,0.0,6.0,2.0,4601.0,0.0,0.3219246332424083,-0.20990391722099044,0.1609623166212259,0.0,5.0,10.0,23005.0,1.0,0.2300310924568973,0.49337043706007533,0.11501554622846015,0.3162277660168379,4.0
0.3918918918918919,0.14215686274509803,0.07754010695187166,0.19594594594582304,103,45,0.0,0.0,1.0,1,1789695096500000000,384,0.0,0.0,0.0,0.3918918918918919,0.0,0.19594594594582304,,,2.0,4601.0,0.0,0.3918918918918919,0.14513864513864513,0.19594594594582304,0.0,4.0,2.0,4601.0,0.0,0.34351234351234344,0.14513864513864513,0.17175617175613903,0.0,6.0,4.0,9202.0,0.0,0.3637913887913888,-0.14977477477477474,0.1818956943957346,0.0,5.0,10.0,23005.0,0.0,0.1091348581854911,0.45276145710928317,0.05456742909273089,0.0,4.0
-0.030303030303030304,-0.014256619144602852,-0.00842358604091456,-0.015151515151501371,112,119,0.0,0.0,1.0,-1,1789695098000000000,390,0.0,0.0,0.0,-0.030303030303030304,0.0,-0.015151515151501371,,,1.0,2300.5,0.0,-0.030303030303030304,-0.23030303030303031,-0.015151515151501371,0.0,4.0,1.0,2300.5,0.0,0.046464646464646354,-0.23030303030303031,0.023232323232302104,0.0,6.0,2.0,4601.0,0.0,0.06437001594896334,-0.012759170653907498,0.03218500797447632,0.0,5.0,10.0,23005.0,1.0,0.15815964973859709,-0.5719696969696969,0.0790798248693136,0.3162277660168379,4.0
0.0821256038647343,0.03640256959314775,0.021065675340768277,0.04106280193218481,112,95,0.0,0.0,1.0,1,1789695101500000000,404,0.0,0.0,0.0,0.0821256038647343,0.0,0.04106280193218481,,,2.0,4601.0,0.0,0.0821256038647343,0.28004227053140096,0.04106280193218481,0.0,4.0,2.0,4601.0,0.0,-0.011221819645732795,0.28004227053140096,-0.005610909823038431,0.0,6.0,4.0,9202.0,0.0,-0.04631642512077292,0.0821256038647343,-0.02315821256052004,0.0,5.0,10.0,23005.0,0.0,0.030497548463795605,-0.200893264059794,0.015248774231895367,0.0,4.0
0.47692307692307695,0.15897435897435896,0.08493150684931507,0.23846153846170637,96,34,0.0,0.0,1.0,-1,1789695103000000000,410,0.0,0.0,0.0,0.47692307692307695,0.0,0.23846153846170637,,,1.0,2300.5,0.0,0.47692307692307695,0.07986425339366521,0.23846153846170637,0.0,4.0,1.0,2300.5,0.0,0.45030165912518844,0.07986425339366521,0.2251508295627597,0.0,6.0,2.0,4601.0,0.0,0.29959276018099545,0.726923076923077,0.1497963800906291,0.0,5.0,10.0,23005.0,1.0,0.10163816753011128,0.47692307692307695,0.05081908376505453,0.3162277660168379,4.0
0.2571428571428571,0.05454545454545454,0.026865671641791045,0.1285714285713766,44,26,0.0,0.0,1.0,1,1789695106500000000,424,0.0,0.0,0.0,0.2571428571428571,0.0,0.1285714285713766,,,2.0,4601.0,0.0,0.2571428571428571,0.6802197802197802,0.1285714285713766,0.0,4.0,2.0,4601.0,0.0,0.03040293040293024,0.6802197802197802,0.015201465201395573,0.0,6.0,4.0,9202.0,0.0,0.016959706959706954,-0.15952380952380957,0.008479853479821031,0.0,5.0,8.0,18404.0,0.0,0.1298377249990153,0.5010452961672474,0.06491886249950767,0.0,4.0
0.2553191489361702,0.10714285714285714,0.06091370558375635,0.12765957446799803,118,70,0.0,0.0,1.0,-1,1789695108000000000,430,0.0,0.0,0.0,0.2553191489361702,0.0,0.12765957446799803,,,1.0,2300.5,0.0,0.2553191489361702,0.574468085106383,0.12765957446799803,0.0,4.0,1.0,2300.5,0.0,0.06382978723404238,0.574468085106383,0.0319148936170374,0.0,6.0,2.0,4601.0,0.0,0.05093867334167708,-0.12703379224030037,0.025469336670903432,0.0,5.0,10.0,23005.0,1.0,0.030517817601672402,-0.1613475177304965,0.01525890880084262,0.3162277660168379,4.0
-0.03546099290780142,-0.012468827930174564,-0.006747638326585695,-0.017730496454078093,68,73,0.0,0.0,1.0,1,1789695111500000000,444,0.0,0.0,0.0,-0.03546099290780142,0.0,-0.017730496454078093,,,2.0,4601.0,0.0,-0.03546099290780142,0.08255142945244703,-0.017730496454078093,0.0,4.0,2.0,4601.0,0.0,-0.06297813605861724,0.08255142945244703,-0.031489068029410795,0.0,6.0,4.0,9202.0,0.0,0.006196840789331778,-0.37339202739056004,0.0030984203945990884,0.0,5.0,11.0,25305.5,0.0,0.04229692924834715,-0.17524593914436054,0.02114846462409332,0.0,4.0
-0.0975609756097561,-0.023391812865497075,-0.011730205278592375,-0.04878048780483368,37,45,0.0,0.0,1.0,-1,1789695113000000000,450,0.0,0.0,0.0,-0.0975609756097561,0.0,-0.04878048780483368,,,1.0,2300.5,0.0,-0.0975609756097561,0.3783010933557611,-0.04878048780483368,0.0,4.0,1.0,2300.5,0.0,-0.22366134006167662,0.3783010933557611,-0.1118306700307888,0.0,6.0,2.0,4601.0,0.0,-0.2929530328590111,0.22035809953475258,-0.14647651642944765,0.0,5.0,10.0,23005.0,1.0,-0.20896310699756637,-0.4354920100925147,-0.10448155349877197,0.3162277660168379,4.0
-0.019230769230769232,-0.005494505494505495,-0.002840909090909091,-0.009615384615244693,51,53,0.0,0.0,1.0,1,1789695116500000000,464,0.0,0.0,0.0,-0.019230769230769232,0.0,-0.009615384615244693,,,2.0,4601.0,0.0,-0.019230769230769232,-0.6289868667917449,-0.009615384615244693,0.0,4.0,2.0,4601.0,0.0,0.19043151969981223,-0.6289868667917449,0.09521575985005863,0.0,6.0,4.0,9202.0,0.0,0.22921712433907554,0.015734265734265736,0.11460856216963293,0.0,5.0,11.0,25305.5,0.0,0.11076148899731122,-0.027926421404682274,0.055380744498688725,0.0,4.0
-0.014084507042253521,-0.006342494714587738,-0.0036900369003690036,-0.007042253520921804,105,108,0.0,0.0,1.0,-1,1789695118000000000,470,0.0,0.0,0.0,-0.014084507042253521,0.0,-0.007042253520921804,,,1.0,2300.5,0.0,-0.014084507042253521,0.42747393451618804,-0.007042253520921804,0.0,4.0,1.0,2300.5,0.0,-0.15657581854764968,0.42747393451618804,-0.07828790927366451,0.0,6.0,2.0,4601.0,0.0,-0.05447940166250026,-0.6529733959311423,-0.027239700831160008,0.0,5.0,10.0,23005.0,1.0,0.15475425372368004,0.020880527922781444,0.07737712686193846,0.3162277660168379,4.0
-0.3058823529411765,-0.12093023255813953,-0.06753246753246753,-0.15294117647044914,59,111,0.0,0.0,1.0,1,1789695121500000000,484,0.0,0.0,0.0,-0.3058823529411765,0.0,-0.15294117647044914,,,2.0,4601.0,0.0,-0.3058823529411765,-0.2903383114903993,-0.15294117647044914,0.0,4.0,2.0,4601.0,0.0,-0.20910291577771023,-0.2903383114903993,-0.10455145788879842,0.0,6.0,4.0,9202.0,0.0,-0.09220692139314512,-0.4877005347593583,-0.0461034606965768,0.0,5.0,12.0,27606.0,0.0,0.041305867723912475,-0.2707064735441916,0.020652933861947533,0.0,4.0
-0.16666666666666666,-0.040697674418604654,-0.02046783625730994,-0.08333333333348492,35,49,0.0,0.0,1.0,-1,1789695123000000000,490,0.0,0.0,0.0,-0.16666666666666666,0.0,-0.08333333333348492,,,1.0,2300.5,0.0,-0.16666666666666666,-0.12519201228878646,-0.08333333333348492,0.0,4.0,1.0,2300.5,0.0,-0.12493599590373798,-0.12519201228878646,-0.062467997951898724,0.0,6.0,2.0,4601.0,0.0,-0.12203203862190037,0.0272108843537415,-0.061016019310955016,0.0,5.0,10.0,23005.0,1.0,-0.14468905329138174,-0.3484848484848485,-0.07234452664570198,0.3162277660168379,4.0
-0.1016949152542373,-0.031746031746031744,-0.016713091922005572,-0.050847457627241965,53,65,0.0,0.0,1.0,1,1789695127500000000,508,0.0,0.0,0.0,-0.1016949152542373,0.0,-0.050847457627241965,,,2.0,4601.0,0.0,-0.1016949152542373,0.3092639888553517,-0.050847457627241965,0.0,4.0,2.0,4601.0,0.0,-0.20478291153935468,0.3092639888553517,-0.10239145576982385,0.0,6.0,4.0,9202.0,0.0,-0.10382695984429598,-0.6078677547604101,-0.051913479922313856,0.0,5.0,12.0,27606.0,0.0,-0.026212583931396916,0.02190059036374023,-0.013106291965777927,0.0,4.0
0.10344827586206896,0.018867924528301886,0.00911854103343465,0.05172413793115993,32,26,0.0,0.0,1.0,-1,1789695129000000000,514,0.0,0.0,0.0,0.10344827586206896,0.0,0.05172413793115993,,,1.0,2300.5,0.0,0.10344827586206896,0.08993476234855545,0.05172413793115993,0.0,4.0,1.0,2300.5,0.0,0.07347002174588367,0.08993476234855545,0.03673501087299277,0.0,6.0,2.0,4601.0,0.0,0.08836887416607456,-0.10447251621713895,0.04418443708300401,0.0,5.0,10.0,23005.0,1.0,-0.03755424758180719,-0.4027245636441039,-0.01877712379100558,0.3162277660168379,4.0
-0.6617647058823529,-0.22727272727272727,-0.12228260869565218,-0.3308823529409892,23,113,0.0,0.0,1.0,1,1789695132500000000,528,0.0,0.0,0.0,-0.6617647058823529,0.0,-0.3308823529409892,,,2.0,4601.0,0.0,-0.6617647058823529,-0.7794117647058824,-0.3308823529409892,0.0,4.0,2.0,4601.0,0.0,-0.4019607843137256,-0.7794117647058824,-0.20098039215675575,0.0,6.0,4.0,9202.0,0.0,-0.09596873714520775,-1.2701563142739614,-0.047984368572542735,0.0,5.0,11.0,25305.5,0.0,0.050883409118703246,-0.7518120992472819,0.025441704559307256,0.0,4.0
-0.12280701754385964,-0.048723897911832945,-0.027237354085603113,-0.06140350877194578,75,96,0.0,0.0,1.0,-1,1789695134000000000,534,0.0,0.0,0.0,-0.12280701754385964,0.0,-0.06140350877194578,,,1.0,2300.5,0.0,-0.12280701754385964,0.3333333333333333,-0.06140350877194578,0.0,4.0,1.0,2300.5,0.0,-0.23391812865497086,0.3333333333333333,-0.1169590643274508,0.0,6.0,2.0,4601.0,0.0,-0.3629222309505106,0.5339094003665881,-0.18146111547521288,0.0,5.0,10.0,23005.0,1.0,-0.3559562866780648,-0.7311986259354681,-0.17797814333898715,0.3162277660168379,4.0
-0.21428571428571427,-0.08411214953271028,-0.046875,-0.10714285714266225,66,102,0.0,0.0,1.0,1,1789695137500000000,548,0.0,0.0,0.0,-0.21428571428571427,0.0,-0.10714285714266225,,,2.0,4601.0,0.0,-0.21428571428571427,0.020282186948853614,-0.10714285714266225,0.0,4.0,2.0,4601.0,0.0,-0.2210464432686656,0.020282186948853614,-0.11052322163413919,0.0,6.0,4.0,9202.0,0.0,-0.07954144620811289,-0.7142857142857143,-0.03977072310390213,0.0,5.0,10.0,23005.0,0.0,0.07649190315856982,0.08571428571428572,0.03824595157930162,0.0,4.0
0.008264462809917356,0.0026246719160104987,0.0013869625520110957,0.004132231405037601,61,60,0.0,0.0,1.0,-1,1789695139000000000,554,0.0,0.0,0.0,0.008264462809917356,0.0,0.004132231405037601,,,1.0,2300.5,0.0,0.008264462809917356,-0.0033634441668268303,0.004132231405037601,0.0,4.0,1.0,2300.5,0.0,0.009385610865526224,-0.0033634441668268303,0.004692805432872167,0.0,6.0,2.0,4601.0,0.0,-0.11784950369823863,0.6372967208744335,-0.05892475184900832,0.0,5.0,10.0,23005.0,1.0,-0.21159870075962733,-0.49173553719008267,-0.10579935037967517,0.3162277660168379,4.0
-0.5555555555555556,-0.18134715025906736,-0.09641873278236915,-0.2777777777778283,28,98,0.0,0.0,1.0,1,1789695142500000000,568,0.0,0.0,0.0,-0.5555555555555556,0.0,-0.2777777777778283,,,2.0,4601.0,0.0,-0.5555555555555556,-0.5642512077294686,-0.2777777777778283,0.0,4.0,2.0,4601.0,0.0,-0.3674718196457327,-0.5642512077294686,-0.1837359098229475,0.0,6.0,4.0,9202.0,0.0,-0.3165541803307592,-0.06650446066504462,-0.15827709016548397,0.0,5.0,10.0,23005.0,0.0,-0.03164456524582857,-0.46817691477885653,-0.015822282623048523,0.0,4.0
-0.2883435582822086,-0.1111111111111111,-0.061598951507208385,-0.14417177914128843,58,105,0.0,0.0,1.0,-1,1789695144000000000,574,0.0,0.0,0.0,-0.2883435582822086,0.0,-0.14417177914128843,,,1.0,2300.5,0.0,-0.2883435582822086,-0.9398587097973601,-0.14417177914128843,0.0,4.0,1.0,2300.5,0.0,0.024942678316911365,-0.9398587097973601,0.012471339158310002,0.0,6.0,2.0,4601.0,0.0,0.10627492660135325,-0.09337500482308908,0.05313746330057256,0.0,5.0,10.0,23005.0,1.0,-0.07573137272156386,0.20070753660830237,-0.03786568636087395,0.3162277660168379,4.0
0.25263157894736843,0.10666666666666667,0.060759493670886074,0.12631578947366506,119,71,0.0,0.0,1.0,1,1789695147500000000,588,0.0,0.0,0.0,0.25263157894736843,0.0,0.12631578947366506,,,2.0,4601.0,0.0,0.25263157894736843,0.4302016724053124,0.12631578947366506,0.0,4.0,2.0,4601.0,0.0,0.10923102147893089,0.4302016724053124,0.05461551073949522,0.0,6.0,4.0,9202.0,0.0,-0.02149055731938172,0.510207336523126,-0.010745278659669566,0.0,5.0,10.0,23005.0,0.0,-0.11045124607509627,0.1626844890002785,-0.0552256230374951,0.0,4.0
-0.08056872037914692,-0.036093418259023353,-0.02096177558569667,-0.040284360189616564,97,114,0.0,0.0,1.0,-1,1789695149000000000,594,0.0,0.0,0.0,-0.08056872037914692,0.0,-0.040284360189616564,,,1.0,2300.5,0.0,-0.08056872037914692,-0.20928159166627563,-0.040284360189616564,0.0,4.0,1.0,2300.5,0.0,-0.010808189823721781,-0.20928159166627563,-0.00540409491183406,0.0,6.0,2.0,4601.0,0.0,-0.0014319948092210793,0.022879555482922045,-0.0007159974045862327,0.0,5.0,10.0,23005.0,1.0,0.003951472107067441,0.17700703719661065,0.0019757360535550108,0.3162277660168379,4.0
0.3149171270718232,0.1292517006802721,0.07298335467349552,0.15745856353578347,119,62,0.0,0.0,1.0,1,1789695152500000000,608,0.0,0.0,0.0,0.3149171270718232,0.0,0.15745856353578347,,,2.0,4601.0,0.0,0.3149171270718232,-0.12258287292817682,0.15745856353578347,0.0,4.0,2.0,4601.0,0.0,0.3557780847145487,-0.12258287292817682,0.17788904235718897,0.0,6.0,4.0,9202.0,0.0,0.28161201211905185,0.4116913206202103,0.14080600605948349,0.0,5.0,13.0,29906.5,0.0,0.03929867748347362,0.3664635188244005,0.01964933874169219,0.0,4.0
0.04918032786885246,0.020316027088036117,0.011494252873563218,0.024590163934590237,96,87,0.0,0.0,1.0,-1,1789695154000000000,614,0.0,0.0,0.0,0.04918032786885246,0.0,0.024590163934590237,,,1.0,2300.5,0.0,0.04918032786885246,0.3629058180649309,0.024590163934590237,0.0,4.0,1.0,2300.5,0.0,-0.07178827815279125,0.3629058180649309,-0.035894139076238694,0.0,6.0,2.0,4601.0,0.0,-0.06296092207374757,-0.16510538641686182,-0.03148046103679007,0.0,5.0,10.0,23005.0,1.0,0.14043153580606227,0.14595452141723955,0.07021576790302789,0.3162277660168379,4.0
0.18309859154929578,0.06467661691542288,0.03504043126684636,0.09154929577471194,84,58,0.0,0.0,1.0,1,1789695158500000000,632,0.0,0.0,0.0,0.18309859154929578,0.0,0.09154929577471194,,,2.0,4601.0,0.0,0.18309859154929578,-0.08962868117797693,0.09154929577471194,0.0,4.0,2.0,4601.0,0.0,0.21297481860862133,-0.08962868117797693,0.10648740930431207,0.0,6.0,4.0,9202.0,0.0,0.1556636790439607,0.3164319248826291,0.07783183952196851,0.0,5.0,10.0,23005.0,0.0,-0.011952162467726752,0.1678701651533567,-0.005976081233802688,0.0,4.0
-0.2972972972972973,-0.0889487870619946,-0.046413502109704644,-0.14864864864875926,39,72,0.0,0.0,1.0,-1,1789695160000000000,638,0.0,0.0,0.0,-0.2972972972972973,0.0,-0.14864864864875926,,,1.0,2300.5,0.0,-0.2972972972972973,-0.2547441058079356,-0.14864864864875926,0.0,4.0,1.0,2300.5,0.0,-0.21238259536131884,-0.2547441058079356,-0.10619129768080408,0.0,6.0,2.0,4601.0,0.0,-0.19132481089927902,-0.020374220374220375,-0.0956624054497297,0.0,5.0,10.0,23005.0,1.0,-0.032189540286633525,-0.16396396396396398,-0.016094770143354253,0.3162277660168379,4.0
0.029411764705882353,0.006097560975609756,0.0029940119760479044,0.014705882353155175,35,33,0.0,0.0,1.0,1,1789695163500000000,652,0.0,0.0,0.0,0.029411764705882353,0.0,0.014705882353155175,,,2.0,4601.0,0.0,0.029411764705882353,0.08204334365325078,0.014705882353155175,0.0,4.0,2.0,4601.0,0.0,0.0020639834881320215,0.08204334365325078,0.0010319917441847792,0.0,6.0,4.0,9202.0,0.0,0.009403663088452257,-0.0640461792193513,0.0047018315442983296,0.0,5.0,8.0,18404.0,0.0,-0.07635315607693574,-0.3352941176470588,-0.03817657803847396,0.0,4.0
0.4,0.1523809523809524,0.08421052631578947,0.1999999999998181,112,48,0.0,0.0,1.0,-1,1789695165000000000,658,0.0,0.0,0.0,0.4,0.0,0.1999999999998181,,,1.0,2300.5,0.0,0.4,0.488,0.1999999999998181,0.0,4.0,1.0,2300.5,0.0,0.23733333333333329,0.488,0.11866666666658905,0.0,6.0,2.0,4601.0,0.0,0.0625483443708609,0.7112582781456953,0.0312741721853854,0.0,5.0,10.0,23005.0,1.0,-0.004495618477436303,0.30654205607476637,-0.002247809238724585,0.3162277660168379,4.0
-0.5111111111111111,-0.17468354430379746,-0.09387755102040816,-0.2555555555554747,33,102,0.0,0.0,1.0,1,1789695168500000000,672,0.0,0.0,0.0,-0.5111111111111111,0.0,-0.2555555555554747,,,2.0,4601.0,0.0,-0.5111111111111111,-0.19365079365079363,-0.2555555555554747,0.0,4.0,2.0,4601.0,0.0,-0.4465608465608466,-0.19365079365079363,-0.22328042328035735,0.0,6.0,4.0,9202.0,0.0,-0.3836024844720497,-0.2502415458937198,-0.19180124223594247,0.0,5.0,10.0,23005.0,0.0,-0.31350631381284355,-0.27734487734487734,-0.15675315690641584,0.0,4.0
0.30158730158730157,0.058823529411764705,0.02865761689291101,0.1507936507937302,41,22,0.0,0.0,1.0,-1,1789695170000000000,678,0.0,0.0,0.0,0.30158730158730157,0.0,0.1507936507937302,,,1.0,2300.5,0.0,0.30158730158730157,0.6782106782106783,0.1507936507937302,0.0,4.0,1.0,2300.5,0.0,0.07551707551707543,0.6782106782106783,0.03775853775853951,0.0,6.0,2.0,4601.0,0.0,0.00911600476817861,0.10593512767425808,0.004558002384055726,0.0,5.0,10.0,23005.0,1.0,-0.14159106593889206,0.5624568668046929,-0.07079553296944141,0.3162277660168379,4.0
0.25153374233128833,0.09692671394799054,0.053735255570117955,0.1257668711655242,102,61,0.0,0.0,1.0,1,1789695173500000000,692,0.0,0.0,0.0,0.25153374233128833,0.0,0.1257668711655242,,,2.0,4601.0,0.0,0.25153374233128833,-0.15716190984262474,0.1257668711655242,0.0,4.0,2.0,4601.0,0.0,0.30392104561216315,-0.15716190984262474,0.15196052280604513,0.0,6.0,4.0,9202.0,0.0,0.32335101706133973,-0.044762553965007945,0.1616755085306977,0.0,5.0,6.0,13803.0,0.0,0.1783083455232893,0.4679080113371363,0.08915417276166408,0.0,4.0
0.1657754010695187,0.06935123042505593,0.03939008894536213,0.08288770053468397,109,78,0.0,0.0,1.0,-1,1789695175000000000,698,0.0,0.0,0.0,0.1657754010695187,0.0,0.08288770053468397,,,1.0,2300.5,0.0,0.1657754010695187,0.33244206773618534,0.08288770053468397,0.0,4.0,1.0,2300.5,0.0,0.054961378490790185,0.33244206773618534,0.027480689245294343,0.0,6.0,2.0,4601.0,0.0,0.01453711078241735,0.09130731596313574,0.007268555391146947,0.0,5.0,10.0,23005.0,1.0,0.14676124280288724,-0.13052089522677757,0.07338062140142938,0.3162277660168379,4.0
0.07853403141361257,0.03325942350332594,0.018963337547408345,0.03926701570662772,103,88,0.0,0.0,1.0,1,1789695178500000000,712,0.0,0.0,0.0,0.07853403141361257,0.0,0.03926701570662772,,,2.0,4601.0,0.0,0.07853403141361257,-0.31620281069165057,0.03926701570662772,0.0,4.0,2.0,4601.0,0.0,0.18393496831082942,-0.31620281069165057,0.0919674841552478,0.0,6.0,4.0,9202.0,0.0,0.14828270838190918,0.28366223654181766,0.07414135419085141,0.0,5.0,7.0,16103.5,0.0,0.02054935479250359,-0.11338516050557934,0.010274677396137123,0.0,4.0
0.06451612903225806,0.026905829596412557,0.015267175572519083,0.032258064516099694,99,87,0.0,0.0,1.0,-1,1789695180000000000,718,0.0,0.0,0.0,0.06451612903225806,0.0,0.032258064516099694,,,1.0,2300.5,0.0,0.06451612903225806,0.14926189174412247,0.032258064516099694,0.0,4.0,1.0,2300.5,0.0,0.014762165117550533,0.14926189174412247,0.007381082558822527,0.0,6.0,2.0,4601.0,0.0,-0.012420857800846946,0.08616115067727971,-0.006210428900340048,0.0,5.0,10.0,23005.0,1.0,0.0862792436388495,0.2696443341604632,0.043139621819409515,0.3162277660168379,4.0
-0.2926829268292683,-0.07017543859649122,-0.03519061583577713,-0.14634146341450105,29,53,0.0,0.0,1.0,1,1789695183500000000,732,0.0,0.0,0.0,-0.2926829268292683,0.0,-0.14634146341450105,,,2.0,4601.0,0.0,-0.2926829268292683,-0.2472283813747228,-0.14634146341450105,0.0,4.0,2.0,4601.0,0.0,-0.21027346637102737,-0.2472283813747228,-0.10513673318549384,0.0,6.0,4.0,9202.0,0.0,-0.11114151373622061,-0.4132503027157931,-0.05557075686811004,0.0,5.0,7.0,16103.5,0.0,0.06588769012225157,-0.20177383592017736,0.032943845061072355,0.0,4.0
-0.40119760479041916,-0.15690866510538642,-0.08735332464146023,-0.2005988023952341,50,117,0.0,0.0,1.0,-1,1789695185000000000,738,0.0,0.0,0.0,-0.40119760479041916,0.0,-0.2005988023952341,,,1.0,2300.5,0.0,-0.40119760479041916,-0.7286312331090032,-0.2005988023952341,0.0,4.0,1.0,2300.5,0.0,-0.15832052708741812,-0.7286312331090032,-0.07916026354375087,0.0,6.0,2.0,4601.0,0.0,-0.10677831786146137,-0.014833968426782806,-0.05338915893080411,0.0,5.0,10.0,23005.0,1.0,-0.1596530170238571,-0.521764980676944,-0.0798265085119965,0.3162277660168379,4.0
-0.3475177304964539,-0.12219451371571072,-0.06612685560053981,-0.17375886524814632,46,95,0.0,0.0,1.0,1,1789695189500000000,756,0.0,0.0,0.0,-0.3475177304964539,0.0,-0.17375886524814632,,,2.0,4601.0,0.0,-0.3475177304964539,-0.7618034447821682,-0.17375886524814632,0.0,4.0,2.0,4601.0,0.0,-0.09358324890239787,-0.7618034447821682,-0.046791624451088865,0.0,6.0,4.0,9202.0,0.0,0.14865841302789917,-0.9572738280574296,0.07432920651408495,0.0,5.0,11.0,25305.5,0.0,0.0036925792750813645,-0.12302793457808656,0.0018462896377059224,0.0,4.0
-0.32894736842105265,-0.12135922330097088,-0.06648936170212766,-0.16447368421040665,51,101,0.0,0.0,1.0,-1,1789695191000000000,762,0.0,0.0,0.0,-0.32894736842105265,0.0,-0.16447368421040665,,,1.0,2300.5,0.0,-0.32894736842105265,-0.5131578947368421,-0.16447368421040665,0.0,4.0,1.0,2300.5,0.0,-0.1578947368421053,-0.5131578947368421,-0.07894736842096488,0.0,6.0,2.0,4601.0,0.0,0.011608809257185427,-0.6764650989175065,0.0058044046286340745,0.0,5.0,10.0,23005.0,1.0,0.0539097744360902,-0.9387034659820283,0.026954887218107616,0.3162277660168379,4.0
-0.0743801652892562,-0.023622047244094488,-0.012482662968099861,-0.03719008264442891,56,65,0.0,0.0,1.0,1,1789695194500000000,776,0.0,0.0,0.0,-0.0743801652892562,0.0,-0.03719008264442891,,,2.0,4601.0,0.0,-0.0743801652892562,0.13492216029213916,-0.03719008264442891,0.0,4.0,2.0,4601.0,0.0,-0.11935421871996928,0.13492216029213916,-0.059677109359806,0.0,6.0,4.0,9202.0,0.0,-0.08929717217243655,-0.19525928616837707,-0.04464858608607756,0.0,5.0,8.0,18404.0,0.0,-0.06014688089485789,0.46561983471074386,-0.030073440447358733,0.0,4.0
0.34959349593495936,0.1122715404699739,0.059474412171507604,0.1747967479673207,83,40,0.0,0.0,1.0,-1,1789695196000000000,782,0.0,0.0,0.0,0.34959349593495936,0.0,0.1747967479673207,,,1.0,2300.5,0.0,0.34959349593495936,0.37109887227904537,0.1747967479673207,0.0,4.0,1.0,2300.5,0.0,0.22589387184194418,0.37109887227904537,0.11294693592086939,0.0,6.0,2.0,4601.0,0.0,0.12573066068038594,0.3771164317147759,0.06286533034017339,0.0,5.0,10.0,23005.0,1.0,0.003376538588081024,0.22871437505583847,0.0016882692941180722,0.3162277660168379,4.0
0.45054945054945056,0.1168091168091168,0.059334298118668596,0.22527472527463033,66,25,0.0,0.0,1.0,1,1789695199500000000,796,0.0,0.0,0.0,0.45054945054945056,0.0,0.22527472527463033,,,2.0,4601.0,0.0,0.45054945054945056,0.26794075489727665,0.22527472527463033,0.0,4.0,2.0,4601.0,0.0,0.3612358655836916,0.26794075489727665,0.18061793279184712,0.0,6.0,4.0,9202.0,0.0,0.15992992514731635,0.9172161172161173,0.0799649625737402,0.0,5.0,7.0,16103.5,0.0,0.052371261087741136,0.8745494505494505,0.02618563054393235,0.0,4.0
0.44329896907216493,0.12044817927170869,0.06169296987087518,0.22164948453610123,70,27,0.0,0.0,1.0,-1,1789695201000000000,802,0.0,0.0,0.0,0.44329896907216493,0.0,0.22164948453610123,,,1.0,2300.5,0.0,0.44329896907216493,0.6932989690721649,0.22164948453610123,0.0,4.0,1.0,2300.5,0.0,0.21219931271477657,0.6932989690721649,0.10609965635740082,0.0,6.0,2.0,4601.0,0.0,0.07251958762886587,0.46729896907216495,0.03625979381440629,0.0,5.0,10.0,23005.0,1.0,0.16049142305475786,0.9099656357388316,0.08024571152736826,0.3162277660168379,4.0
0.45454545454545453,0.12534818941504178,0.06437768240343347,0.22727272727252057,72,27,0.0,0.0,1.0,1,1789695204500000000,816,0.0,0.0,0.0,0.45454545454545453,0.0,0.22727272727252057,,,2.0,4601.0,0.0,0.45454545454545453,0.44138755980861244,0.22727272727252057,0.0,4.0,2.0,4601.0,0.0,0.30741626794258364,0.44138755980861244,0.15370813397112215,0.0,6.0,4.0,9202.0,0.0,0.24134490560439142,0.1832276250880902,0.12067245280204589,0.0,5.0,7.0,16103.5,0.0,0.13348936914676823,0.8718682891911238,0.06674468457331387,0.0,4.0
0.2987012987012987,0.1111111111111111,0.0610079575596817,0.1493506493507084,100,54,0.0,0.0,1.0,-1,1789695206000000000,822,0.0,0.0,0.0,0.2987012987012987,0.0,0.1493506493507084,,,1.0,2300.5,0.0,0.2987012987012987,0.09160070698532236,0.1493506493507084,0.0,4.0,1.0,2300.5,0.0,0.26816772970619124,0.09160070698532236,0.1340838648531341,0.0,6.0,2.0,4601.0,0.0,0.09575141310121649,0.8315480140297659,0.047875706550621545,0.0,5.0,10.0,23005.0,1.0,0.08813170487422087,0.027383469243934366,0.044065852437051946,0.3162277660168379,4.0
-0.2786885245901639,-0.11512415349887133,-0.06513409961685823,-0.13934426229525343,66,117,0.0,0.0,1.0,1,1789695209500000000,836,0.0,0.0,0.0,-0.2786885245901639,0.0,-0.13934426229525343,,,2.0,4601.0,0.0,-0.2786885245901639,0.07701617339641326,-0.13934426229525343,0.0,4.0,2.0,4601.0,0.0,-0.30436058238896835,0.07701617339641326,-0.15218029119463003,0.0,6.0,4.0,9202.0,0.0,-0.32669846550128473,0.08601735776277725,-0.1633492327507156,0.0,5.0,7.0,16103.5,0.0,-0.22878992065371057,-0.3194125064906164,-0.11439496032680836,0.0,4.0
0.22875816993464052,0.0847457627118644,0.04648074369189907,0.11437908496736782,94,59,0.0,0.0,1.0,-1,1789695211000000000,842,0.0,0.0,0.0,0.22875816993464052,0.0,0.11437908496736782,,,1.0,2300.5,0.0,0.22875816993464052,0.30983925101572163,0.11437908496736782,0.0,4.0,1.0,2300.5,0.0,0.12547841959606662,0.30983925101572163,0.0627392097981101,0.0,6.0,2.0,4601.0,0.0,0.0391656222712815,0.3282842362853514,0.0195828111357514,0.0,5.0,10.0,23005.0,1.0,-0.11724844001477855,0.5934640522875817,-0.05862422000736842,0.3162277660168379,4.0
0.21465968586387435,0.09090909090909091,0.051833122629582805,0.10732984293190384,116,75,0.0,0.0,1.0,1,1789695214500000000,856,0.0,0.0,0.0,0.21465968586387435,0.0,0.10732984293190384,,,2.0,4601.0,0.0,0.21465968586387435,-0.27105459985041136,0.10732984293190384,0.0,4.0,2.0,4601.0,0.0,0.3050112191473448,-0.27105459985041136,0.15250560957368484,0.0,6.0,4.0,9202.0,0.0,0.2724993154072203,0.2529110519840929,0.13624965770368364,0.0,5.0,13.0,29906.5,0.0,0.09552690793117044,-0.06265123850587356,0.04776345396567194,0.0,4.0
-0.3394495412844037,-0.1002710027100271,-0.05218617771509168,-0.16972477064200575,36,73,0.0,0.0,1.0,-1,1789695216000000000,862,0.0,0.0,0.0,-0.3394495412844037,0.0,-0.16972477064200575,,,1.0,2300.5,0.0,-0.3394495412844037,-0.5081242400795845,-0.16972477064200575,0.0,4.0,1.0,2300.5,0.0,-0.17007479459120892,-0.5081242400795845,-0.08503739729546093,0.0,6.0,2.0,4601.0,0.0,-0.11830993699568929,-0.08944954128440369,-0.059154968497750815,0.0,5.0,10.0,23005.0,1.0,0.055919825817787386,-0.3011981751641851,0.02795991290895472,0.3162277660168379,4.0
-0.3181818181818182,-0.08045977011494253,-0.040697674418604654,-0.15909090909099177,30,58,0.0,0.0,1.0,1,1789695220500000000,880,0.0,0.0,0.0,-0.3181818181818182,0.0,-0.15909090909099177,,,2.0,4601.0,0.0,-0.3181818181818182,-0.1925536774783006,-0.15909090909099177,0.0,4.0,2.0,4601.0,0.0,-0.2539972590223847,-0.1925536774783006,-0.12699862951118726,0.0,6.0,4.0,9202.0,0.0,-0.2866148926450435,0.22727272727272724,-0.1433074463225239,0.0,5.0,11.0,25305.5,0.0,-0.24730513574965904,-0.44781144781144777,-0.12365256787479666,0.0,4.0
0.5789473684210527,0.17647058823529413,0.09243697478991597,0.28947368421040665,90,24,0.0,0.0,1.0,-1,1789695222000000000,886,0.0,0.0,0.0,0.5789473684210527,0.0,0.28947368421040665,,,1.0,2300.5,0.0,0.5789473684210527,0.11415863602668647,0.28947368421040665,0.0,4.0,1.0,2300.5,0.0,0.5408944897454905,0.11415863602668647,0.2704472448726847,0.0,6.0,2.0,4601.0,0.0,0.5027657581556249,0.15259077927376585,0.2513828790777552,0.0,5.0,10.0,23005.0,1.0,0.20525654621547393,1.124401913875598,0.10262827310771172,0.3162277660168379,4.0
0.32515337423312884,0.12529550827423167,0.06946264744429882,0.1625766871165979,108,55,0.0,0.0,1.0,1,1789695225500000000,900,0.0,0.0,0.0,0.32515337423312884,0.0,0.1625766871165979,,,2.0,4601.0,0.0,0.32515337423312884,0.4962060058120762,0.1625766871165979,0.0,4.0,2.0,4601.0,0.0,0.15975137229577008,0.4962060058120762,0.07987568614786748,0.0,6.0,4.0,9202.0,0.0,0.0430356458988818,0.41817663004708233,0.021517822949408582,0.0,5.0,10.0,23005.0,0.0,-0.15435747560492738,0.34737559645535104,-0.07717873780247828,0.0,4.0
0.3698630136986301,0.1330049261083744,0.07238605898123325,0.18493150684935244,100,46,0.0,0.0,1.0,-1,1789695227000000000,906,0.0,0.0,0.0,0.3698630136986301,0.0,0.18493150684935244,,,1.0,2300.5,0.0,0.3698630136986301,-0.16044001660440016,0.18493150684935244,0.0,4.0,1.0,2300.5,0.0,0.42334301923343015,-0.16044001660440016,0.21167150961673542,0.0,6.0,2.0,4601.0,0.0,0.38062716526421553,0.2670592753808731,0.1903135826320977,0.0,5.0,10.0,23005.0,1.0,0.23141410499471973,0.4628862695125836,0.11570705249732782,0.3162277660168379,4.0
-0.6153846153846154,-0.20512820512820512,-0.1095890410958904,-0.30769230769237765,25,105,0.0,0.0,1.0,1,1789695230500000000,920,0.0,0.0,0.0,-0.6153846153846154,0.0,-0.30769230769237765,,,2.0,4601.0,0.0,-0.6153846153846154,-0.5119363395225465,-0.30769230769237765,0.0,4.0,2.0,4601.0,0.0,-0.4447391688770999,-0.5119363395225465,-0.2223695844386384,0.0,6.0,4.0,9202.0,0.0,-0.35039029935581667,-0.30109890109890114,-0.17519514967798386,0.0,5.0,11.0,25305.5,0.0,-0.24772647799871034,-0.39252747252747255,-0.12386323899945637,0.0,4.0
-0.13043478260869565,-0.04522613065326633,-0.024390243902439025,-0.06521739130448623,60,78,0.0,0.0,1.0,-1,1789695232000000000,926,0.0,0.0,0.0,-0.13043478260869565,0.0,-0.06521739130448623,,,1.0,2300.5,0.0,-0.13043478260869565,-0.3526570048309179,-0.06521739130448623,0.0,4.0,1.0,2300.5,0.0,-0.012882447665056399,-0.3526570048309179,-0.006441223832553078,0.0,6.0,2.0,4601.0,0.0,0.14691905747806358,-0.6814551907719609,0.07345952873902206,0.0,5.0,10.0,23005.0,1.0,-0.015205008693978544,0.18385093167701863,-0.007602504347050854,0.3162277660168379,4.0
-0.5630252100840336,-0.17678100263852242,-0.09318497913769123,-0.28151260504182574,26,93,0.0,0.0,1.0,1,1789695235500000000,940,0.0,0.0,0.0,-0.5630252100840336,0.0,-0.28151260504182574,,,2.0,4601.0,0.0,-0.5630252100840336,-0.876634677539655,-0.28151260504182574,0.0,4.0,2.0,4601.0,0.0,-0.27081365090414866,-0.876634677539655,-0.13540682545196128,0.0,6.0,4.0,9202.0,0.0,-0.1896991829574053,-0.11336078055383225,-0.09484959147866903,0.0,5.0,11.0,25305.5,0.0,-0.1414589824821682,-0.25583566760037346,-0.07072949124103615,0.0,4.0
-0.10614525139664804,-0.04328018223234624,-0.024390243902439025,-0.05307262569840532,80,99,0.0,0.0,1.0,-1,1789695237000000000,946,0.0,0.0,0.0,-0.10614525139664804,0.0,-0.05307262569840532,,,1.0,2300.5,0.0,-0.10614525139664804,-0.40614525139664803,-0.05307262569840532,0.0,4.0,1.0,2300.5,0.0,0.0292364990689013,-0.40614525139664803,0.014618249534426772,0.0,6.0,2.0,4601.0,0.0,0.04267951412023977,0.06816667520885655,0.021339757060104603,0.0,5.0,10.0,23005.0,1.0,-0.04597458412611303,0.3435191781335533,-0.022987292063044153,0.3162277660168379,4.0
0.37662337662337664,0.08605341246290801,0.04283604135893648,0.18831168831184186,53,24,0.0,0.0,1.0,1,1789695240500000000,960,0.0,0.0,0.0,0.37662337662337664,0.0,0.18831168831184186,,,2.0,4601.0,0.0,0.37662337662337664,-0.13598166539343004,0.18831168831184186,0.0,4.0,2.0,4601.0,0.0,0.42195059842118665,-0.13598166539343004,0.21097529921068295,0.0,6.0,4.0,9202.0,0.0,0.3486738235964241,0.41171109592162225,0.17433691179821836,0.0,5.0,10.0,23005.0,0.0,0.12180146358864707,0.1695227849074003,0.060900731794299647,0.0,4.0
0.6060606060606061,0.20408163265306123,0.1092896174863388,0.3030303030304822,106,26,0.0,0.0,1.0,-1,1789695242000000000,966,0.0,0.0,0.0,0.6060606060606061,0.0,0.3030303030304822,,,1.0,2300.5,0.0,0.6060606060606061,0.26871120847024466,0.3030303030304822,0.0,4.0,1.0,2300.5,0.0,0.5164902032371912,0.26871120847024466,0.2582451016187406,0.0,6.0,2.0,4601.0,0.0,0.5092158533122387,-0.053198653198653134,0.25460792665626286,0.0,5.0,10.0,23005.0,1.0,0.4983795363100819,0.6411483253588517,0.24918976815515634,0.3162277660168379,4.0
-0.6301369863013698,-0.22660098522167488,-0.12332439678284182,-0.31506849315064756,27,119,0.0,0.0,1.0,1,1789695245500000000,980,0.0,0.0,0.0,-0.6301369863013698,0.0,-0.31506849315064756,,,2.0,4601.0,0.0,-0.6301369863013698,-0.6726901777907315,-0.31506849315064756,0.0,4.0,2.0,4601.0,0.0,-0.40590692703779263,-0.6726901777907315,-0.20295346351880048,0.0,6.0,4.0,9202.0,0.0,-0.2418131789417525,-0.596238681216624,-0.12090658947081465,0.0,5.0,13.0,29906.5,0.0,-0.22126315187758955,-0.7236621661574849,-0.11063157593871438,0.0,4.0
0.13432835820895522,0.05856832971800434,0.033707865168539325,0.06716417910456585,114,87,0.0,0.0,1.0,-1,1789695247000000000,986,0.0,0.0,0.0,0.13432835820895522,0.0,0.06716417910456585,,,1.0,2300.5,0.0,0.13432835820895522,0.5245722606479797,0.06716417910456585,0.0,4.0,1.0,2300.5,0.0,-0.04052906200703801,0.5245722606479797,-0.020264531003401014,0.0,6.0,2.0,4601.0,0.0,-0.09087196481846457,0.07685709384113913,-0.04543598240916254,0.0,5.0,10.0,23005.0,1.0,-0.15720561493485227,0.16822666329370098,-0.07860280746735952,0.3162277660168379,4.0
0.17647058823529413,0.06976744186046512,0.03896103896103896,0.08823529411756681,100,70,0.0,0.0,1.0,1,1789695251500000000,1004,0.0,0.0,0.0,0.17647058823529413,0.0,0.08823529411756681,,,2.0,4601.0,0.0,0.17647058823529413,0.3137254901960784,0.08823529411756681,0.0,4.0,2.0,4601.0,0.0,0.07189542483660127,0.3137254901960784,0.03594771241826796,0.0,6.0,4.0,9202.0,0.0,0.13501400560224078,-0.4201680672268907,0.06750700280108504,0.0,5.0,10.0,23005.0,0.0,0.09141590717391354,0.20047058823529412,0.045707953586952496,0.0,4.0
-0.14285714285714285,-0.056074766355140186,-0.03125,-0.0714285714284415,72,96,0.0,0.0,1.0,-1,1789695253000000000,1010,0.0,0.0,0.0,-0.14285714285714285,0.0,-0.0714285714284415,,,1.0,2300.5,0.0,-0.14285714285714285,0.0025974025974025983,-0.0714285714284415,0.0,4.0,1.0,2300.5,0.0,-0.14372294372294375,0.0025974025974025983,-0.0718614718613632,0.0,6.0,2.0,4601.0,0.0,-0.0675370647052064,-0.38179519595448796,-0.03376853235249655,0.0,5.0,10.0,23005.0,1.0,-0.0020315897879667087,-0.7394957983193278,-0.0010157948939195193,0.3162277660168379,4.0
0.18085106382978725,0.07589285714285714,0.04314720812182741,0.09042553191511615,111,77,0.0,0.0,1.0,1,1789695256500000000,1024,0.0,0.0,0.0,0.18085106382978725,0.0,0.09042553191511615,,,2.0,4601.0,0.0,0.18085106382978725,0.787688670667394,0.09042553191511615,0.0,4.0,2.0,4601.0,0.0,-0.08171182639267748,0.787688670667394,-0.04085591319623442,0.0,6.0,4.0,9202.0,0.0,-0.1902621668720021,0.2801888121741581,-0.09513108343599015,0.0,5.0,9.0,20704.5,0.0,-0.1624589800015189,0.2637239920065828,-0.08122949000080552,0.0,4.0
-0.10344827586206896,-0.041474654377880185,-0.023255813953488372,-0.05172413793115993,78,96,0.0,0.0,1.0,-1,1789695258000000000,1030,0.0,0.0,0.0,-0.10344827586206896,0.0,-0.05172413793115993,,,1.0,2300.5,0.0,-0.10344827586206896,-0.2385834109972041,-0.05172413793115993,0.0,4.0,1.0,2300.5,0.0,-0.023920472196334298,-0.2385834109972041,-0.011960236098275345,0.0,6.0,2.0,4601.0,0.0,-0.04992067613810189,0.2095288233745723,-0.024960338069104183,0.0,5.0,10.0,23005.0,1.0,-0.14145535659427894,-0.004110527517698109,-0.07072767829713485,0.3162277660168379,4.0
0.07476635514018691,0.03375527426160337,0.019656019656019656,0.03738317757006371,115,99,0.0,0.0,1.0,1,1789695261500000000,1044,0.0,0.0,0.0,0.07476635514018691,0.0,0.03738317757006371,,,2.0,4601.0,0.0,0.07476635514018691,0.7391020194758513,0.03738317757006371,0.0,4.0,2.0,4601.0,0.0,-0.17160098468509688,0.7391020194758513,-0.08580049234251419,0.0,6.0,4.0,9202.0,0.0,-0.2659162192534123,0.22520883301629313,-0.13295810962663382,0.0,5.0,10.0,23005.0,0.0,-0.18257393210398157,0.2894260410040613,-0.09128696605193909,0.0,4.0
-0.04950495049504951,-0.013850415512465374,-0.007132667617689016,-0.024752475247623806,48,53,0.0,0.0,1.0,-1,1789695263000000000,1050,0.0,0.0,0.0,-0.04950495049504951,0.0,-0.024752475247623806,,,1.0,2300.5,0.0,-0.04950495049504951,-0.30934747018008885,-0.024752475247623806,0.0,4.0,1.0,2300.5,0.0,0.05361087289831341,-0.30934747018008885,0.026805436449042947,0.0,6.0,2.0,4601.0,0.0,0.11669316721087956,-0.2122956481694681,0.058346583605361955,0.0,5.0,10.0,23005.0,1.0,-0.043288208466213826,0.1009375273810567,-0.021644104233109827,0.3162277660168379,4.0
0.4666666666666667,0.17073170731707318,0.09333333333333334,0.23333333333312112,110,40,0.0,0.0,1.0,1,1789695266500000000,1064,0.0,0.0,0.0,0.4666666666666667,0.0,0.23333333333312112,,,2.0,4601.0,0.0,0.4666666666666667,0.48850072780203785,0.23333333333312112,0.0,4.0,2.0,4601.0,0.0,0.3038330907326541,0.48850072780203785,0.1519165453661723,0.0,6.0,4.0,9202.0,0.0,0.27900831102972246,-0.03870967741935483,0.13950415551480547,0.0,5.0,9.0,20704.5,0.0,0.046227122128838505,1.063157894736842,0.023113561064474198,0.0,4.0
0.15422885572139303,0.06724511930585683,0.03870162297128589,0.07711442786057887,116,85,0.0,0.0,1.0,-1,1789695268000000000,1070,0.0,0.0,0.0,0.15422885572139303,0.0,0.07711442786057887,,,1.0,2300.5,0.0,0.15422885572139303,-0.13032398980706225,0.07711442786057887,0.0,4.0,1.0,2300.5,0.0,0.19767018565708047,-0.13032398980706225,0.09883509282841867,0.0,6.0,2.0,4601.0,0.0,0.15641720311300458,0.2497062426560664,0.07820860155643458,0.0,5.0,10.0,23005.0,1.0,0.15762738396929404,-0.3511474883646285,0.07881369198457833,0.3162277660168379,4.0
0.27906976744186046,0.1111111111111111,0.06217616580310881,0.1395348837208985,110,62,0.0,0.0,1.0,1,1789695271500000000,1084,0.0,0.0,0.0,0.27906976744186046,0.0,0.1395348837208985,,,2.0,4601.0,0.0,0.27906976744186046,0.143267298306058,0.1395348837208985,0.0,4.0,2.0,4601.0,0.0,0.23131400133984115,0.143267298306058,0.11565700066997427,0.0,6.0,4.0,9202.0,0.0,0.23586759381805694,-0.0705237284930989,0.11793379690907387,0.0,5.0,12.0,27606.0,0.0,0.23255264471040968,-0.07536061230497498,0.1162763223552247,0.0,4.0
-0.10126582278481013,-0.03827751196172249,-0.021108179419525065,-0.05063291139231296,71,87,0.0,0.0,1.0,-1,1789695273000000000,1090,0.0,0.0,0.0,-0.10126582278481013,0.0,-0.05063291139231296,,,1.0,2300.5,0.0,-0.10126582278481013,0.40315895597625184,-0.05063291139231296,0.0,4.0,1.0,2300.5,0.0,-0.23565214144356073,0.40315895597625184,-0.11782607072170019,0.0,6.0,2.0,4601.0,0.0,-0.2118762406183489,-0.25326582278481014,-0.10593812030911068,0.0,5.0,10.0,23005.0,1.0,-0.007763672993641876,-0.4508593187197695,-0.0038818364967482923,0.3162277660168379,4.0
0.3157894736842105,0.07142857142857142,0.03550295857988166,0.15789473684208133,50,26,0.0,0.0,1.0,1,1789695276500000000,1104,0.0,0.0,0.0,0.3157894736842105,0.0,0.15789473684208133,,,2.0,4601.0,0.0,0.3157894736842105,0.5233366434955313,0.15789473684208133,0.0,4.0,2.0,4601.0,0.0,0.14134392585236674,0.5233366434955313,0.07067196292609879,0.0,6.0,4.0,9202.0,0.0,0.055217451350480354,0.256186824677588,0.027608725675145253,0.0,5.0,11.0,25305.5,0.0,0.006591168662628666,0.9103840682788051,0.0032955843313175136,0.0,4.0
0.3611111111111111,0.12871287128712872,0.06989247311827956,0.1805555555556566,98,46,0.0,0.0,1.0,-1,1789695278000000000,1110,0.0,0.0,0.0,0.3611111111111111,0.0,0.1805555555556566,,,1.0,2300.5,0.0,0.3611111111111111,0.36608623548922054,0.1805555555556566,0.0,4.0,1.0,2300.5,0.0,0.23908236594803756,0.36608623548922054,0.11954118297414122,0.0,6.0,2.0,4601.0,0.0,0.08627461941230173,0.6420099875156056,0.04313730970625329,0.0,5.0,10.0,23005.0,1.0,0.03669588284027936,0.30150846210448856,0.01834794142014289,0.3162277660168379,4.0
-0.06666666666666667,-0.024390243902439025,-0.013333333333333334,-0.03333333333330302,70,80,0.0,0.0,1.0,1,1789695282500000000,1128,0.0,0.0,0.0,-0.06666666666666667,0.0,-0.03333333333330302,,,2.0,4601.0,0.0,-0.06666666666666667,0.3017543859649123,-0.03333333333330302,0.0,4.0,2.0,4601.0,0.0,-0.1672514619883041,0.3017543859649123,-0.08362573099414779,0.0,6.0,4.0,9202.0,0.0,-0.21888357256778312,0.1575757575757576,-0.10944178628387817,0.0,5.0,11.0,25305.5,0.0,0.03616273886296767,-0.09418960244648318,0.0180813694315475,0.0,4.0
-0.0319634703196347,-0.014613778705636743,-0.008547008547008548,-0.015981735160039534,106,113,0.0,0.0,1.0,-1,1789695284000000000,1134,0.0,0.0,0.0,-0.0319634703196347,0.0,-0.015981735160039534,,,1.0,2300.5,0.0,-0.0319634703196347,0.2880365296803653,-0.015981735160039534,0.0,4.0,1.0,2300.5,0.0,-0.12797564687975652,0.2880365296803653,-0.06398782343997785,0.0,6.0,2.0,4601.0,0.0,-0.1426372399797058,-0.022704211060375443,-0.07131861998987006,0.0,5.0,10.0,23005.0,1.0,-0.15926208977542794,0.19227895392278954,-0.07963104488771933,0.3162277660168379,4.0
0.15789473684210525,0.03571428571428571,0.01775147928994083,0.07894736842126804,44,32,0.0,0.0,1.0,1,1789695287500000000,1148,0.0,0.0,0.0,0.15789473684210525,0.0,0.07894736842126804,,,2.0,4601.0,0.0,0.15789473684210525,-0.1871345029239766,0.07894736842126804,0.0,4.0,2.0,4601.0,0.0,0.22027290448343073,-0.1871345029239766,0.11013645224193169,0.0,6.0,4.0,9202.0,0.0,0.23204207386475134,0.003532320734722705,0.11602103693257959,0.0,5.0,10.0,23005.0,0.0,0.1921371718021927,0.579581483830057,0.09606858590113916,0.0,4.0
-0.1717171717171717,-0.07423580786026202,-0.042606516290726815,-0.08585858585865935,82,116,0.0,0.0,1.0,-1,1789695289000000000,1154,0.0,0.0,0.0,-0.1717171717171717,0.0,-0.08585858585865935,,,1.0,2300.5,0.0,-0.1717171717171717,-0.09318314030355915,-0.08585858585865935,0.0,4.0,1.0,2300.5,0.0,-0.1406561249493187,-0.09318314030355915,-0.0703280624746488,0.0,6.0,2.0,4601.0,0.0,-0.13730978357789514,0.014329339910735261,-0.0686548917889013,0.0,5.0,10.0,23005.0,1.0,0.013325252369899131,-0.32607958782455426,0.0066626261850615265,0.3162277660168379,4.0
0.25252525252525254,0.06963788300835655,0.0357653791130186,0.1262626262628146,62,37,0.0,0.0,1.0,1,1789695292500000000,1168,0.0,0.0,0.0,0.25252525252525254,0.0,0.1262626262628146,,,2.0,4601.0,0.0,0.25252525252525254,-0.03318903318903316,0.1262626262628146,0.0,4.0,2.0,4601.0,0.0,0.2635882635882636,-0.03318903318903316,0.1317941317943223,0.0,6.0,4.0,9202.0,0.0,0.2812049062049062,-0.07702020202020199,0.14060245310256506,0.0,5.0,12.0,27606.0,0.0,0.11222782817341244,0.4994388327721661,0.056113914086745355,0.0,4.0
0.12941176470588237,0.05116279069767442,0.02857142857142857,0.06470588235288233,96,74,0.0,0.0,1.0,-1,1789695294000000000,1174,0.0,0.0,0.0,0.12941176470588237,0.0,0.06470588235288233,,,1.0,2300.5,0.0,0.12941176470588237,0.4724774581365393,0.06470588235288233,0.0,4.0,1.0,2300.5,0.0,-0.02808072133963078,0.4724774581365393,-0.014040360669847965,0.0,6.0,2.0,4601.0,0.0,-0.013666699695038077,-0.2295625942684766,-0.006833349847511272,0.0,5.0,10.0,23005.0,1.0,0.1367119936978245,-0.20013368983957217,0.06835599684900444,0.3162277660168379,4.0
-0.12994350282485875,-0.05263157894736842,-0.029601029601029602,-0.0649717514124859,77,100,0.0,0.0,1.0,1,1789695297500000000,1188,0.0,0.0,0.0,-0.12994350282485875,0.0,-0.0649717514124859,,,2.0,4601.0,0.0,-0.12994350282485875,-0.18521988473440648,-0.0649717514124859,0.0,4.0,2.0,4601.0,0.0,-0.06820354124672329,-0.18521988473440648,-0.034101770623389406,0.0,6.0,4.0,9202.0,0.0,0.003044544038938851,-0.2945004648501752,0.001522272019428783,0.0,5.0,13.0,29906.5,0.0,-0.04498499474096192,0.2336928608115049,-0.022492497370512864,0.0,4.0
0.32231404958677684,0.10236220472440945,0.05409153952843273,0.1611570247932832,80,41,0.0,0.0,1.0,-1,1789695299000000000,1194,0.0,0.0,0.0,0.32231404958677684,0.0,0.1611570247932832,,,1.0,2300.5,0.0,0.32231404958677684,0.1017258142926592,0.1611570247932832,0.0,4.0,1.0,2300.5,0.0,0.2884054448225571,0.1017258142926592,0.14420272241113707,0.0,6.0,2.0,4601.0,0.0,0.151426648218092,0.6509853782581054,0.07571332410889227,0.0,5.0,10.0,23005.0,1.0,0.02791276705885093,0.1577570875614604,0.013956383529330197,0.3162277660168379,4.0
0.29608938547486036,0.12072892938496584,0.06803594351732992,0.14804469273758514,116,63,0.0,0.0,1.0,1,1789695302500000000,1208,0.0,0.0,0.0,0.29608938547486036,0.0,0.14804469273758514,,,2.0,4601.0,0.0,0.29608938547486036,0.35130410940124074,0.14804469273758514,0.0,4.0,2.0,4601.0,0.0,0.17898801567444678,0.35130410940124074,0.08949400783740202,0.0,6.0,4.0,9202.0,0.0,0.20005356832309568,-0.22242913304365813,0.10002678416167328,0.0,5.0,12.0,27606.0,0.0,0.2691587483391443,0.20406484559755975,0.13457937416960702,0.0,4.0
-0.5294117647058824,-0.19612590799031476,-0.10756972111553785,-0.2647058823531552,36,117,0.0,0.0,1.0,-1,1789695304000000000,1214,0.0,0.0,0.0,-0.5294117647058824,0.0,-0.2647058823531552,,,1.0,2300.5,0.0,-0.5294117647058824,-0.5294117647058824,-0.2647058823531552,0.0,4.0,1.0,2300.5,0.0,-0.35294117647058826,-0.5294117647058824,-0.1764705882354368,0.0,6.0,2.0,4601.0,0.0,-0.3181476846057572,0.0025031289111389077,-0.15907384230295066,0.0,5.0,10.0,23005.0,1.0,-0.16409039935488473,-1.0479302832244008,-0.08204519967739543,0.3162277660168379,4.0
-0.009009009009009009,-0.004149377593360996,-0.0024330900243309003,-0.004504504504438955,110,112,0.0,0.0,1.0,1,1789695307500000000,1228,0.0,0.0,0.0,-0.009009009009009009,0.0,-0.004504504504438955,,,2.0,4601.0,0.0,-0.009009009009009009,-0.02488202488202488,-0.004504504504438955,0.0,4.0,2.0,4601.0,0.0,-0.0007150007150007152,-0.02488202488202488,-0.0003575003574951552,0.0,6.0,4.0,9202.0,0.0,0.0831194345213037,-0.4108781678875137,0.04155971726058851,0.0,5.0,10.0,23005.0,0.0,0.023908489402039337,-0.6180315653999865,0.011954244700973504,0.0,4.0
-0.5570469798657718,-0.20293398533007334,-0.11081441922563418,-0.27852348993292253,33,116,0.0,0.0,1.0,-1,1789695309000000000,1234,0.0,0.0,0.0,-0.5570469798657718,0.0,-0.27852348993292253,,,1.0,2300.5,0.0,-0.5570469798657718,-0.5570469798657718,-0.27852348993292253,0.0,4.0,1.0,2300.5,0.0,-0.3713646532438479,-0.5570469798657718,-0.18568232662194836,0.0,6.0,2.0,4601.0,0.0,-0.32966810701480187,-0.022800404523306006,-0.1648340535074567,0.0,5.0,10.0,23005.0,1.0,-0.2168859096688462,-0.9589161387442764,-0.10844295483448149,0.3162277660168379,4.0
